"rgn_id","pressure_score"
4,0.0135662
3,0.0135662
1,0.0135662
2,0.0135662
