"rgn_id","pressure_score"
4,0.452863030883029
3,0.452863030883029
1,0.452863030883029
2,0.452863030883029
