"rgn_id","pressure_score"
4,0.214122857972698
3,0.214122857972698
1,0.214122857972698
2,0.214122857972698
