"rgn_id","pressure_score"
4,0.873575596385677
3,0.873575596385677
1,0.873575596385677
2,0.873575596385677
