"rgn_id","habitat","km2"
1,"mangrove",1437.8298536701
1,"saltmarsh",1783.57047619048
1,"seagrass",2729.73319268519
2,"mangrove",1437.8298536701
2,"saltmarsh",1783.57047619048
2,"seagrass",2729.73319268519
3,"mangrove",1437.8298536701
3,"saltmarsh",1783.57047619048
3,"seagrass",2729.73319268519
4,"mangrove",1437.8298536701
4,"saltmarsh",1783.57047619048
4,"seagrass",2729.73319268519
