"rgn_id","trend"
4,-0.0473733867378727
3,-0.0473733867378727
1,-0.0473733867378727
2,-0.0473733867378727
