"rgn_id","trend.score"
4,-0.391716367814469
3,-0.391716367814469
1,-0.391716367814469
2,-0.391716367814469
