"rgn_id","trend.score"
4,0.191156353469414
3,0.191156353469414
1,0.191156353469414
2,0.191156353469414
