"rgn_id","trend"
4,0.00289504161552654
3,0.00289504161552654
1,0.00289504161552654
2,0.00289504161552654
