"rgn_id","saup_id","prop_area"
4,246,0.0182685506613678
3,246,0.103810305266308
1,246,0.131619590926245
2,246,0.746301553146079
