"rgn_id","resilience.score"
4,0.747449159251269
3,0.747449159251269
1,0.747449159251269
2,0.747449159251269
