"rgn_id","resilience.score"
4,0.810598879001692
3,0.810598879001692
1,0.810598879001692
2,0.810598879001692
