"rgn_id","resilience.score"
4,0.822363636363636
3,0.822363636363636
1,0.822363636363636
2,0.822363636363636
