"rgn_id","pressure_score"
4,0.564287672775367
3,0.564287672775367
1,0.564287672775367
2,0.564287672775367
