"rgn_id","pressure_score"
4,0.0477411439951444
3,0.0477411439951444
1,0.0477411439951444
2,0.0477411439951444
