"rgn_id","pressure_score"
4,0.240477784169082
3,0.240477784169082
1,0.240477784169082
2,0.240477784169082
