"rgn_id","w_fis"
4,0.871448637676329
3,0.871448637676329
1,0.871448637676329
2,0.871448637676329
