"rgn_id","resilience.score"
4,0.909090909090909
3,0.909090909090909
1,0.909090909090909
2,0.909090909090909
