"rgn_id","resilience.score"
4,0.954545454545454
3,0.954545454545454
1,0.954545454545454
2,0.954545454545454
