"rgn_id","pressure_score"
1,0.069187876620002
2,0.0361370984610187
3,0.0110921909453752
4,0.0019398339736041
