"rgn_id","score"
4,0.791428571428571
3,0.791428571428571
1,0.791428571428571
2,0.791428571428571
