"rgn_id","resilience.score"
4,0.346580813242
3,0.346580813242
1,0.346580813242
2,0.346580813242
