"rgn_id","resilience.score"
4,0.833333333333333
3,0.833333333333333
1,0.833333333333333
2,0.833333333333333
