"rgn_id","product","weight"
4,"fish_oil",0.908969567538708
3,"fish_oil",0.908969567538708
1,"fish_oil",0.908969567538708
2,"fish_oil",0.908969567538708
4,"seaweeds",0.0910304324612921
3,"seaweeds",0.0910304324612921
1,"seaweeds",0.0910304324612921
2,"seaweeds",0.0910304324612921
