"rgn_id","pressure_score"
4,0.1455042738583
3,0.1455042738583
1,0.1455042738583
2,0.1455042738583
