"rgn_id","pressure_score"
4,0.17327668869605
3,0.17327668869605
1,0.17327668869605
2,0.17327668869605
