"rgn_id","pressure_score"
4,0.0342048
3,0.0342048
1,0.0342048
2,0.0342048
