"rgn_id","pressure_score"
4,0.0964761
3,0.0964761
1,0.0964761
2,0.0964761
