"rgn_id","pressure_score"
4,0.511926518313786
3,0.511926518313786
1,0.511926518313786
2,0.511926518313786
