"rgn_id","pressures.score"
4,0.023144443812258
3,0.023144443812258
1,0.023144443812258
2,0.023144443812258
