"rgn_id","pressures.score"
4,0.573260505
3,0.573260505
1,0.573260505
2,0.573260505
