"rgn_id","score"
4,0.930308754120408
3,0.930308754120408
1,0.930308754120408
2,0.930308754120408
