"rgn_id","score"
4,0.932633248633978
3,0.932633248633978
1,0.932633248633978
2,0.932633248633978
