"rgn_id","score"
4,0.0200250752498747
3,0.0200250752498747
1,0.0200250752498747
2,0.0200250752498747
