"rgn_id","score"
4,0.126632771399314
3,0.126632771399314
1,0.126632771399314
2,0.126632771399314
