"rgn_id","resilience.score"
4,0.777777777777833
3,0.777777777777833
1,0.777777777777833
2,0.777777777777833
