"rgn_id","score"
4,0.873367228600686
3,0.873367228600686
1,0.873367228600686
2,0.873367228600686
